settlement_date,payment_method,settlement_amount,transaction_count,bank_reference
2025-08-01,CARD,798716758.33,121,BNK747864
2025-08-01,CASH,984644327.68,123,BNK341901
2025-08-01,COD,800769884.34,119,BNK520434
2025-08-01,CREDIT,1000358878.12,134,BNK975695
2025-08-01,EWALLET,834958624.7,120,BNK361276
2025-08-01,QRIS,1056428549.88,133,BNK344538
2025-08-02,CARD,1272167007.77,162,BNK131826
2025-08-02,CASH,1266766463.64,182,BNK244400
2025-08-02,COD,1292807900.65,177,BNK829212
2025-08-02,CREDIT,1096346094.12,164,BNK783512
2025-08-02,EWALLET,1258897773.62,170,BNK867476
2025-08-02,QRIS,1191692749.66,162,BNK399172
2025-08-03,CARD,1535253464.56,206,BNK886978
2025-08-03,CASH,1268614986.25,173,BNK863977
2025-08-03,COD,1324285358.23,189,BNK734904
2025-08-03,CREDIT,1657802771.0,211,BNK129415
2025-08-03,EWALLET,1352674268.11,201,BNK890512
2025-08-03,QRIS,1413163813.73,213,BNK326969
2025-08-04,CARD,718842986.48,96,BNK343922
2025-08-04,CASH,629622406.38,81,BNK136919
2025-08-04,COD,677619574.48,92,BNK561108
2025-08-04,CREDIT,422335557.85,65,BNK656433
2025-08-04,EWALLET,500454337.6,69,BNK285383
2025-08-04,QRIS,761641119.09,104,BNK299852
2025-08-05,CARD,895689491.94,120,BNK625051
2025-08-05,CASH,921653202.39,123,BNK869773
2025-08-05,COD,948879068.22,129,BNK319715
2025-08-05,CREDIT,762936481.76,113,BNK341604
2025-08-05,EWALLET,727220977.82,109,BNK174602
2025-08-05,QRIS,802761747.99,107,BNK227760
2025-08-06,CARD,617509898.97,88,BNK680911
2025-08-06,CASH,526517760.79,80,BNK221981
2025-08-06,COD,500953712.62,74,BNK163449
2025-08-06,CREDIT,614215090.52,91,BNK859557
2025-08-06,EWALLET,750620236.66,102,BNK474862
2025-08-06,QRIS,481169814.92,65,BNK324610
2025-08-07,CARD,968597858.29,123,BNK146294
2025-08-07,CASH,762551557.65,105,BNK112949
2025-08-07,COD,882316748.09,116,BNK905594
2025-08-07,CREDIT,823151986.25,116,BNK812253
2025-08-07,EWALLET,734489164.36,106,BNK412054
2025-08-07,QRIS,817282799.74,111,BNK833800
2025-08-08,CARD,975662954.15,129,BNK913874
2025-08-08,CASH,601516123.53,94,BNK506699
2025-08-08,COD,675611728.32,99,BNK175965
2025-08-08,CREDIT,834643824.69,111,BNK244330
2025-08-08,EWALLET,647313684.88,85,BNK989795
2025-08-08,QRIS,557491440.91,86,BNK529963
2025-08-09,CARD,1332970641.7,186,BNK289318
2025-08-09,CASH,1182400427.63,173,BNK430651
2025-08-09,COD,1359307175.73,187,BNK142793
2025-08-09,CREDIT,1342347275.23,208,BNK424176
2025-08-09,EWALLET,1335511773.85,198,BNK874097
2025-08-09,QRIS,1501504514.77,207,BNK690824
2025-08-10,CARD,1039918627.37,138,BNK878045
2025-08-10,CASH,1090578861.97,155,BNK906953
2025-08-10,COD,995624475.31,140,BNK519535
2025-08-10,CREDIT,1175117274.07,153,BNK412199
2025-08-10,EWALLET,1047717789.81,151,BNK105864
2025-08-10,QRIS,963540003.42,134,BNK397994
2025-08-11,CARD,598459214.68,79,BNK262309
2025-08-11,CASH,532741511.7,78,BNK783760
2025-08-11,COD,572339810.42,78,BNK936014
2025-08-11,CREDIT,701047486.24,103,BNK585217
2025-08-11,EWALLET,629580718.81,85,BNK392313
2025-08-11,QRIS,547077617.98,79,BNK916412
2025-08-12,CARD,822220071.66,111,BNK961917
2025-08-12,CASH,594835818.79,91,BNK786891
2025-08-12,COD,707961383.1,101,BNK399662
2025-08-12,CREDIT,720046931.37,104,BNK186913
2025-08-12,EWALLET,823644619.95,121,BNK723764
2025-08-12,QRIS,798050585.99,109,BNK512461
2025-08-13,CARD,756439968.6899999,106,BNK561989
2025-08-13,CASH,758534540.71,106,BNK517714
2025-08-13,COD,573554255.52,81,BNK974823
2025-08-13,CREDIT,757137602.35,107,BNK965823
2025-08-13,EWALLET,644510114.06,86,BNK418443
2025-08-13,QRIS,742953222.74,102,BNK647002
2025-08-14,CARD,717011302.05,93,BNK468334
2025-08-14,CASH,555367153.22,82,BNK209762
2025-08-14,COD,629091539.26,89,BNK270850
2025-08-14,CREDIT,608355842.13,85,BNK550587
2025-08-14,EWALLET,637540375.81,84,BNK421927
2025-08-14,QRIS,634193913.7,90,BNK473701
2025-08-15,CARD,863072703.76,118,BNK656682
2025-08-15,CASH,730955409.05,104,BNK194817
2025-08-15,COD,694507963.21,107,BNK693418
2025-08-15,CREDIT,809627589.78,112,BNK735504
2025-08-15,EWALLET,940413406.55,135,BNK436875
2025-08-15,QRIS,730569052.29,100,BNK368193
2025-08-16,CARD,964264166.67,141,BNK416861
2025-08-16,CASH,1177488143.12,165,BNK873449
2025-08-16,COD,1067587148.95,152,BNK257578
2025-08-16,CREDIT,1166633322.3,154,BNK416325
2025-08-16,EWALLET,1027420145.35,147,BNK565647
2025-08-16,QRIS,1108498618.11,147,BNK206283
2025-08-17,CARD,1353599277.33,191,BNK905509
2025-08-17,CASH,1304315060.36,184,BNK253978
2025-08-17,COD,1251063483.3,185,BNK366242
2025-08-17,CREDIT,1259832288.46,172,BNK748184
2025-08-17,EWALLET,1392000652.11,191,BNK219705
2025-08-17,QRIS,1351012674.97,190,BNK659289
2025-08-18,CARD,592997085.89,89,BNK168007
2025-08-18,CASH,680959012.3,96,BNK506835
2025-08-18,COD,540445603.38,80,BNK126504
2025-08-18,CREDIT,737296251.05,100,BNK938850
2025-08-18,EWALLET,556235063.62,76,BNK582583
2025-08-18,QRIS,618273264.8,87,BNK569351
2025-08-19,CARD,820036188.26,114,BNK529643
2025-08-19,CASH,762752933.97,105,BNK863022
2025-08-19,COD,900303897.53,124,BNK163758
2025-08-19,CREDIT,637533187.64,96,BNK299960
2025-08-19,EWALLET,969970444.77,125,BNK479545
2025-08-19,QRIS,773450272.37,100,BNK852923
2025-08-20,CARD,618836251.52,86,BNK926538
2025-08-20,CASH,720600453.04,98,BNK616380
2025-08-20,COD,567077931.01,89,BNK636079
2025-08-20,CREDIT,464307632.68,74,BNK211369
2025-08-20,EWALLET,616063689.82,85,BNK740904
2025-08-20,QRIS,694219594.8,94,BNK756404
2025-08-21,CARD,625665154.81,87,BNK718486
2025-08-21,CASH,550022657.47,90,BNK988464
2025-08-21,COD,692497999.73,99,BNK930137
2025-08-21,CREDIT,626935048.93,101,BNK178455
2025-08-21,EWALLET,609293672.37,90,BNK656890
2025-08-21,QRIS,769496395.9,104,BNK258114
2025-08-22,CARD,700875510.47,103,BNK194037
2025-08-22,CASH,799449057.72,107,BNK745597
2025-08-22,COD,822301366.9,124,BNK875788
2025-08-22,CREDIT,914212430.74,110,BNK110290
2025-08-22,EWALLET,870808544.54,130,BNK150190
2025-08-22,QRIS,873884054.98,128,BNK665606
2025-08-23,CARD,1193306546.9,166,BNK512226
2025-08-23,CASH,1019929375.03,142,BNK467061
2025-08-23,COD,1171212423.88,155,BNK653304
2025-08-23,CREDIT,957014746.31,138,BNK706206
2025-08-23,EWALLET,912345313.37,128,BNK767574
2025-08-23,QRIS,1154537016.59,161,BNK167346
2025-08-24,CARD,957184765.47,138,BNK247997
2025-08-24,CASH,1088070694.82,146,BNK132580
2025-08-24,COD,1053325940.0600001,137,BNK921199
2025-08-24,CREDIT,1086434237.37,137,BNK177575
2025-08-24,EWALLET,1063937395.59,140,BNK510309
2025-08-24,QRIS,1085069856.24,147,BNK893676
2025-08-25,CARD,807419460.35,105,BNK370359
2025-08-25,CASH,714025949.89,97,BNK758495
2025-08-25,COD,724539810.79,101,BNK518575
2025-08-25,CREDIT,857196818.1,124,BNK663611
2025-08-25,EWALLET,888755344.35,114,BNK347334
2025-08-25,QRIS,700272540.38,103,BNK853827
2025-08-26,CARD,890730544.8,133,BNK836180
2025-08-26,CASH,862149950.87,136,BNK329018
2025-08-26,COD,869711967.75,122,BNK933575
2025-08-26,CREDIT,1014097212.38,138,BNK468587
2025-08-26,EWALLET,996864294.69,135,BNK979063
2025-08-26,QRIS,997514484.4,136,BNK508606
2025-08-27,CARD,775476823.02,104,BNK373276
2025-08-27,CASH,656094299.39,98,BNK274853
2025-08-27,COD,567811346.49,92,BNK787607
2025-08-27,CREDIT,561947979.29,79,BNK985719
2025-08-27,EWALLET,642194122.0,92,BNK151814
2025-08-27,QRIS,639882905.27,85,BNK568754
2025-08-28,CARD,752228442.47,95,BNK110059
2025-08-28,CASH,642825736.81,86,BNK113136
2025-08-28,COD,709488884.3199999,97,BNK538520
2025-08-28,CREDIT,716922123.86,97,BNK117461
2025-08-28,EWALLET,692343854.4300001,93,BNK470742
2025-08-28,QRIS,575414766.94,89,BNK195736
2025-08-29,CARD,827974965.76,114,BNK310701
2025-08-29,CASH,878082283.3,126,BNK556033
2025-08-29,COD,714235816.93,108,BNK991853
2025-08-29,CREDIT,1001624755.9,130,BNK325671
2025-08-29,EWALLET,917554768.67,129,BNK206301
2025-08-29,QRIS,750594867.67,104,BNK955806
2025-08-30,CARD,856051476.78,138,BNK661438
2025-08-30,CASH,1051868843.21,150,BNK445897
2025-08-30,COD,839495800.24,121,BNK190925
2025-08-30,CREDIT,932366381.62,126,BNK632584
2025-08-30,EWALLET,1225825347.99,166,BNK600680
2025-08-30,QRIS,1151650948.62,159,BNK578772
2025-08-31,CARD,1139215095.26,155,BNK866311
2025-08-31,CASH,1277480603.47,173,BNK810228
2025-08-31,COD,1137174286.1,157,BNK681792
2025-08-31,CREDIT,1226818462.15,165,BNK103500
2025-08-31,EWALLET,1263935309.4,169,BNK129167
2025-08-31,QRIS,1257225595.79,177,BNK490147
2025-09-01,CARD,957735865.11,138,BNK835885
2025-09-01,CASH,982311201.9,141,BNK358268
2025-09-01,COD,919357564.4,128,BNK943943
2025-09-01,CREDIT,752985328.45,112,BNK176390
2025-09-01,EWALLET,856033299.44,129,BNK320285
2025-09-01,QRIS,726731667.65,115,BNK495807
2025-09-02,CARD,840732492.63,116,BNK706213
2025-09-02,CASH,707051748.34,102,BNK886465
2025-09-02,COD,820159195.39,112,BNK831682
2025-09-02,CREDIT,791377967.3100001,116,BNK861481
2025-09-02,EWALLET,896782131.94,114,BNK379136
2025-09-02,QRIS,917804642.42,137,BNK986652
2025-09-03,CARD,631970531.47,94,BNK732261
2025-09-03,CASH,642090004.76,95,BNK355417
2025-09-03,COD,754540174.34,105,BNK670791
2025-09-03,CREDIT,704712831.39,98,BNK341681
2025-09-03,EWALLET,857148187.34,113,BNK884847
2025-09-03,QRIS,645227019.5,95,BNK364771
2025-09-04,CARD,636720327.25,89,BNK750510
2025-09-04,CASH,677027182.34,92,BNK658564
2025-09-04,COD,669847234.9,90,BNK134400
2025-09-04,CREDIT,653062926.9399999,88,BNK522575
2025-09-04,EWALLET,564980002.59,86,BNK944410
2025-09-04,QRIS,754279228.48,102,BNK791506
2025-09-05,CARD,713184414.33,106,BNK344118
2025-09-05,CASH,599203633.25,89,BNK204733
2025-09-05,COD,670605729.42,95,BNK743132
2025-09-05,CREDIT,694696949.8199999,94,BNK337113
2025-09-05,EWALLET,668200470.41,96,BNK947221
2025-09-05,QRIS,737927030.2,90,BNK257297
2025-09-06,CARD,1399782676.07,180,BNK146621
2025-09-06,CASH,1227199581.46,164,BNK254668
2025-09-06,COD,1165776675.22,167,BNK821787
2025-09-06,CREDIT,1267714641.83,199,BNK748452
2025-09-06,EWALLET,1143061579.29,162,BNK217464
2025-09-06,QRIS,1351221122.55,183,BNK399582
2025-09-07,CARD,1252948612.11,162,BNK182379
2025-09-07,CASH,1187373913.41,160,BNK492537
2025-09-07,COD,1405338118.4,196,BNK563872
2025-09-07,CREDIT,1286990681.72,160,BNK670535
2025-09-07,EWALLET,1116894721.61,153,BNK522510
2025-09-07,QRIS,889588345.78,135,BNK117898
2025-09-08,CARD,707334642.94,102,BNK969543
2025-09-08,CASH,852857096.6,120,BNK446288
2025-09-08,COD,579002068.03,82,BNK622527
2025-09-08,CREDIT,667286192.28,91,BNK909304
2025-09-08,EWALLET,547274529.34,83,BNK585831
2025-09-08,QRIS,818807137.3,112,BNK261466
2025-09-09,CARD,843368406.22,122,BNK208940
2025-09-09,CASH,756559921.44,94,BNK508001
2025-09-09,COD,827984503.26,116,BNK880630
2025-09-09,CREDIT,671681672.0699999,94,BNK824051
2025-09-09,EWALLET,693070642.11,102,BNK689619
2025-09-09,QRIS,650388153.04,89,BNK882141
2025-09-10,CARD,885823371.37,132,BNK466497
2025-09-10,CASH,933500712.75,130,BNK746849
2025-09-10,COD,1043116715.94,148,BNK174471
2025-09-10,CREDIT,777775158.75,128,BNK561182
2025-09-10,EWALLET,764593773.79,110,BNK196332
2025-09-10,QRIS,896185850.36,127,BNK958513
2025-09-11,CARD,603421665.55,79,BNK840453
2025-09-11,CASH,688069502.05,85,BNK164908
2025-09-11,COD,642807371.33,90,BNK689875
2025-09-11,CREDIT,584725847.47,80,BNK160165
2025-09-11,EWALLET,608544019.99,86,BNK789304
2025-09-11,QRIS,555028171.09,81,BNK374395
2025-09-12,CARD,780239298.1899999,114,BNK591020
2025-09-12,CASH,869775197.77,113,BNK849270
2025-09-12,COD,771829434.48,111,BNK636814
2025-09-12,CREDIT,800186920.45,113,BNK508085
2025-09-12,EWALLET,796096405.58,106,BNK396331
2025-09-12,QRIS,798086627.18,110,BNK693165
2025-09-13,CARD,1347997961.02,193,BNK768107
2025-09-13,CASH,1411088397.54,196,BNK660099
2025-09-13,COD,1363649677.8700001,191,BNK901267
2025-09-13,CREDIT,1526769587.61,199,BNK917501
2025-09-13,EWALLET,1404448081.05,190,BNK935076
2025-09-13,QRIS,1673264828.87,229,BNK532681
2025-09-14,CARD,891382056.94,128,BNK245250
2025-09-14,CASH,918610008.68,129,BNK846407
2025-09-14,COD,1061948219.21,150,BNK558150
2025-09-14,CREDIT,1053040761.21,134,BNK480415
2025-09-14,EWALLET,884503457.3,134,BNK335499
2025-09-14,QRIS,985540190.5600001,136,BNK668950
2025-09-15,CARD,938272600.79,128,BNK849084
2025-09-15,CASH,960288362.98,127,BNK322157
2025-09-15,COD,893369762.72,121,BNK842779
2025-09-15,CREDIT,962089893.01,134,BNK634389
2025-09-15,EWALLET,906275028.26,132,BNK994299
2025-09-15,QRIS,1001703665.89,134,BNK331934
2025-09-16,CARD,789731814.9,105,BNK194933
2025-09-16,CASH,625600079.27,99,BNK185203
2025-09-16,COD,705410584.23,101,BNK200880
2025-09-16,CREDIT,708200334.92,98,BNK258786
2025-09-16,EWALLET,815308237.16,116,BNK274526
2025-09-16,QRIS,736597418.69,99,BNK456567
2025-09-17,CARD,922774586.77,123,BNK189236
2025-09-17,CASH,1111266630.21,141,BNK683064
2025-09-17,COD,938556011.4399999,129,BNK604523
2025-09-17,CREDIT,865385772.97,124,BNK692201
2025-09-17,EWALLET,830624255.72,109,BNK614525
2025-09-17,QRIS,957806610.03,128,BNK201605
2025-09-18,CARD,641613462.75,94,BNK908899
2025-09-18,CASH,654813382.43,101,BNK204145
2025-09-18,COD,717174490.85,97,BNK688117
2025-09-18,CREDIT,648647196.37,100,BNK803830
2025-09-18,EWALLET,754065007.49,105,BNK930958
2025-09-18,QRIS,646888208.82,97,BNK158064
2025-09-19,CARD,756464992.98,107,BNK573076
2025-09-19,CASH,723613226.66,101,BNK374603
2025-09-19,COD,771783904.23,107,BNK322204
2025-09-19,CREDIT,814640432.45,112,BNK136502
2025-09-19,EWALLET,932457086.4399999,123,BNK109168
2025-09-19,QRIS,741308437.07,101,BNK679189
2025-09-20,CARD,1193167027.6,151,BNK961617
2025-09-20,CASH,1090642154.36,167,BNK441929
2025-09-20,COD,1249756796.21,168,BNK307401
2025-09-20,CREDIT,1113116665.31,153,BNK340966
2025-09-20,EWALLET,1272523460.04,160,BNK276835
2025-09-20,QRIS,1128886194.48,141,BNK147712
2025-09-21,CARD,1046162486.96,143,BNK924769
2025-09-21,CASH,1116079628.43,148,BNK840362
2025-09-21,COD,931219348.38,119,BNK463730
2025-09-21,CREDIT,1113376576.09,153,BNK810243
2025-09-21,EWALLET,1209885431.52,162,BNK552621
2025-09-21,QRIS,960642104.58,137,BNK352920
2025-09-22,CARD,710901381.2,99,BNK782466
2025-09-22,CASH,784805525.04,108,BNK361821
2025-09-22,COD,637568410.03,93,BNK342856
2025-09-22,CREDIT,780387682.95,101,BNK452369
2025-09-22,EWALLET,924017447.41,117,BNK353808
2025-09-22,QRIS,802708951.76,110,BNK886832
2025-09-23,CARD,851998660.97,117,BNK184628
2025-09-23,CASH,813881738.34,108,BNK319055
2025-09-23,COD,705740948.33,99,BNK560027
2025-09-23,CREDIT,615429433.2,90,BNK305805
2025-09-23,EWALLET,664576384.49,94,BNK361743
2025-09-23,QRIS,713323072.67,94,BNK897087
2025-09-24,CARD,740557580.38,101,BNK532898
2025-09-24,CASH,545253681.42,73,BNK610464
2025-09-24,COD,516946006.01,71,BNK433601
2025-09-24,CREDIT,714900665.26,91,BNK811287
2025-09-24,EWALLET,657912585.56,89,BNK716897
2025-09-24,QRIS,586537466.51,81,BNK695394
2025-09-25,CARD,559140030.36,76,BNK215614
2025-09-25,CASH,596879003.77,89,BNK564275
2025-09-25,COD,649010993.51,99,BNK617774
2025-09-25,CREDIT,702296191.55,87,BNK962249
2025-09-25,EWALLET,730280930.64,103,BNK955426
2025-09-25,QRIS,661735040.91,97,BNK809506
2025-09-26,CARD,926796320.28,130,BNK243561
2025-09-26,CASH,733035467.22,106,BNK689488
2025-09-26,COD,799111542.62,112,BNK821283
2025-09-26,CREDIT,881168544.11,125,BNK203803
2025-09-26,EWALLET,700997982.3100001,100,BNK468252
2025-09-26,QRIS,703759936.43,99,BNK715905
2025-09-27,CARD,1219535768.97,178,BNK220750
2025-09-27,CASH,1401678562.02,183,BNK814306
2025-09-27,COD,1307308060.82,200,BNK312664
2025-09-27,CREDIT,1324760040.54,192,BNK102211
2025-09-27,EWALLET,1457663602.25,198,BNK533846
2025-09-27,QRIS,1533066774.8,200,BNK167329
2025-09-28,CARD,1209417280.53,166,BNK495205
2025-09-28,CASH,1403209876.21,188,BNK974331
2025-09-28,COD,1272528503.5,181,BNK416572
2025-09-28,CREDIT,1370840659.78,194,BNK411513
2025-09-28,EWALLET,1181225375.63,182,BNK670640
2025-09-28,QRIS,1274703614.95,174,BNK641534
2025-09-29,CARD,724451933.37,96,BNK143896
2025-09-29,CASH,903525737.69,115,BNK571280
2025-09-29,COD,597952078.39,82,BNK186909
2025-09-29,CREDIT,717331960.95,107,BNK733616
2025-09-29,EWALLET,765509295.91,106,BNK506388
2025-09-29,QRIS,786686595.96,114,BNK811161
2025-09-30,CARD,744103792.63,99,BNK567425
2025-09-30,CASH,532218063.29,86,BNK117927
2025-09-30,COD,642300383.9,92,BNK808891
2025-09-30,CREDIT,562168595.75,86,BNK463598
2025-09-30,EWALLET,741140484.85,104,BNK654612
2025-09-30,QRIS,776104918.69,95,BNK505804
2025-10-01,CARD,550476327.72,80,BNK429413
2025-10-01,CASH,536057093.87,72,BNK224938
2025-10-01,COD,578184400.87,84,BNK824012
2025-10-01,CREDIT,662709353.15,91,BNK750064
2025-10-01,EWALLET,624368921.02,84,BNK827192
2025-10-01,QRIS,625426512.21,96,BNK335198
2025-10-02,CARD,693529376.21,97,BNK514299
2025-10-02,CASH,681389859.43,91,BNK132365
2025-10-02,COD,543291620.34,77,BNK965991
2025-10-02,CREDIT,617294313.03,91,BNK348774
2025-10-02,EWALLET,664859589.69,92,BNK406546
2025-10-02,QRIS,609911485.09,87,BNK276833
2025-10-03,CARD,649970889.56,89,BNK341396
2025-10-03,CASH,554215765.25,78,BNK680259
2025-10-03,COD,705171742.63,101,BNK830120
2025-10-03,CREDIT,721985638.09,98,BNK158074
2025-10-03,EWALLET,560031393.98,79,BNK609119
2025-10-03,QRIS,645000010.07,82,BNK413274
2025-10-04,CARD,1309690865.0,185,BNK451807
2025-10-04,CASH,1209784647.78,171,BNK885154
2025-10-04,COD,1354663895.21,205,BNK419986
2025-10-04,CREDIT,1356170981.57,183,BNK934382
2025-10-04,EWALLET,1350023988.82,198,BNK565197
2025-10-04,QRIS,1467556282.87,204,BNK255356
2025-10-05,CARD,1457649673.29,205,BNK275624
2025-10-05,CASH,1370798452.8899999,191,BNK955453
2025-10-05,COD,1281303640.3,182,BNK894500
2025-10-05,CREDIT,1587436333.33,213,BNK401699
2025-10-05,EWALLET,1473707421.25,203,BNK802404
2025-10-05,QRIS,1404643636.41,197,BNK611234
2025-10-06,CARD,798009729.82,118,BNK238932
2025-10-06,CASH,788261966.34,107,BNK415272
2025-10-06,COD,677405230.64,98,BNK204874
2025-10-06,CREDIT,664161352.0,93,BNK840546
2025-10-06,EWALLET,723623871.27,106,BNK391664
2025-10-06,QRIS,770712980.8100001,101,BNK125729
2025-10-07,CARD,1138040953.07,143,BNK668268
2025-10-07,CASH,882093977.07,115,BNK300618
2025-10-07,COD,837131760.72,120,BNK843343
2025-10-07,CREDIT,802695633.6899999,118,BNK170002
2025-10-07,EWALLET,894948224.0600001,125,BNK115244
2025-10-07,QRIS,784725344.8100001,106,BNK422742
2025-10-08,CARD,856392841.96,120,BNK897582
2025-10-08,CASH,910344751.17,117,BNK282321
2025-10-08,COD,881779707.49,121,BNK959545
2025-10-08,CREDIT,757574259.5600001,103,BNK193042
2025-10-08,EWALLET,810534078.66,121,BNK463622
2025-10-08,QRIS,938273412.81,124,BNK448206
2025-10-09,CARD,717428108.58,95,BNK479405
2025-10-09,CASH,575307350.93,85,BNK289358
2025-10-09,COD,727010931.7,105,BNK935313
2025-10-09,CREDIT,919594638.8100001,118,BNK338288
2025-10-09,EWALLET,770000726.73,107,BNK613286
2025-10-09,QRIS,776666588.27,110,BNK725205
2025-10-10,CARD,1083025868.42,145,BNK789518
2025-10-10,CASH,863286352.84,121,BNK991028
2025-10-10,COD,869161305.3100001,133,BNK303831
2025-10-10,CREDIT,690015367.87,115,BNK346089
2025-10-10,EWALLET,972860669.71,131,BNK970152
2025-10-10,QRIS,826324017.34,125,BNK192410
2025-10-11,CARD,1072130685.51,143,BNK929656
2025-10-11,CASH,1199591222.16,150,BNK644794
2025-10-11,COD,948779034.98,145,BNK195082
2025-10-11,CREDIT,1054235315.92,152,BNK681437
2025-10-11,EWALLET,1071059059.62,154,BNK940394
2025-10-11,QRIS,883304763.09,127,BNK373862
2025-10-12,CARD,1111335353.88,158,BNK832655
2025-10-12,CASH,924425872.76,136,BNK902144
2025-10-12,COD,1104740255.53,159,BNK699702
2025-10-12,CREDIT,1052407527.65,146,BNK135010
2025-10-12,EWALLET,1029769047.93,137,BNK806900
2025-10-12,QRIS,941413243.53,142,BNK303850
2025-10-13,CARD,902661493.31,121,BNK484064
2025-10-13,CASH,793009256.47,119,BNK642839
2025-10-13,COD,817843119.9,106,BNK557160
2025-10-13,CREDIT,751379092.76,110,BNK395158
2025-10-13,EWALLET,1032577315.85,134,BNK681129
2025-10-13,QRIS,965871299.64,131,BNK219497
2025-10-14,CARD,756599535.53,101,BNK679192
2025-10-14,CASH,862447178.56,117,BNK278382
2025-10-14,COD,769168258.38,111,BNK862049
2025-10-14,CREDIT,843839021.03,124,BNK386072
2025-10-14,EWALLET,831847266.36,120,BNK674446
2025-10-14,QRIS,979568825.92,126,BNK544575
2025-10-15,CARD,809693779.21,123,BNK603231
2025-10-15,CASH,933858337.3100001,129,BNK467252
2025-10-15,COD,984989737.41,141,BNK631905
2025-10-15,CREDIT,861715683.14,123,BNK324973
2025-10-15,EWALLET,954837513.87,136,BNK633710
2025-10-15,QRIS,1008905020.12,135,BNK846909
2025-10-16,CARD,616786968.32,87,BNK642959
2025-10-16,CASH,621864495.6,84,BNK131927
2025-10-16,COD,620245402.06,85,BNK152616
2025-10-16,CREDIT,569728530.64,85,BNK718862
2025-10-16,EWALLET,649835690.98,88,BNK848022
2025-10-16,QRIS,536392501.42,76,BNK441723
2025-10-17,CARD,794701852.44,103,BNK526217
2025-10-17,CASH,760734270.55,106,BNK395693
2025-10-17,COD,730335787.46,104,BNK911069
2025-10-17,CREDIT,728611487.13,96,BNK748635
2025-10-17,EWALLET,687351381.31,104,BNK215705
2025-10-17,QRIS,896535423.13,114,BNK795393
2025-10-18,CARD,1292908471.0,191,BNK708067
2025-10-18,CASH,1354439853.38,196,BNK692844
2025-10-18,COD,1299956790.35,182,BNK784568
2025-10-18,CREDIT,1378462501.78,186,BNK864049
2025-10-18,EWALLET,1309482980.98,186,BNK543445
2025-10-18,QRIS,1286536485.61,198,BNK347090
2025-10-19,CARD,1006876673.32,131,BNK322888
2025-10-19,CASH,916529439.95,143,BNK166050
2025-10-19,COD,1031899980.38,150,BNK516466
2025-10-19,CREDIT,930271751.99,120,BNK725093
2025-10-19,EWALLET,987035050.26,134,BNK571995
2025-10-19,QRIS,915566642.35,122,BNK628399
2025-10-20,CARD,740978738.0,115,BNK697069
2025-10-20,CASH,729936782.86,110,BNK893457
2025-10-20,COD,779574298.79,105,BNK912131
2025-10-20,CREDIT,649463159.59,99,BNK699225
2025-10-20,EWALLET,790286952.92,102,BNK743069
2025-10-20,QRIS,574346671.12,88,BNK381435
2025-10-21,CARD,886191960.33,117,BNK633633
2025-10-21,CASH,587316404.56,84,BNK635654
2025-10-21,COD,786276514.09,116,BNK728884
2025-10-21,CREDIT,765359123.29,102,BNK920116
2025-10-21,EWALLET,1076740074.47,135,BNK143837
2025-10-21,QRIS,607636169.17,86,BNK306267
2025-10-22,CARD,802638474.95,112,BNK824997
2025-10-22,CASH,836555620.64,118,BNK210415
2025-10-22,COD,771474247.14,109,BNK657038
2025-10-22,CREDIT,703919387.02,99,BNK925163
2025-10-22,EWALLET,834041842.62,107,BNK608229
2025-10-22,QRIS,695597840.46,95,BNK183825
2025-10-23,CARD,836175725.02,109,BNK518613
2025-10-23,CASH,815205649.61,111,BNK275170
2025-10-23,COD,691297412.54,105,BNK544867
2025-10-23,CREDIT,759217003.78,107,BNK921473
2025-10-23,EWALLET,727284356.26,105,BNK917923
2025-10-23,QRIS,993871633.95,136,BNK272219
2025-10-24,CARD,605380074.45,89,BNK548800
2025-10-24,CASH,670614028.63,95,BNK649899
2025-10-24,COD,586934490.56,76,BNK897615
2025-10-24,CREDIT,746832214.73,106,BNK365667
2025-10-24,EWALLET,708008523.08,87,BNK536904
2025-10-24,QRIS,578188084.82,87,BNK421913
2025-10-25,CARD,1304914907.21,188,BNK212032
2025-10-25,CASH,1129002582.77,166,BNK488098
2025-10-25,COD,1415248578.88,189,BNK530553
2025-10-25,CREDIT,1229202197.57,166,BNK553310
2025-10-25,EWALLET,1310019778.45,176,BNK229050
2025-10-25,QRIS,1225536126.53,164,BNK692381
2025-10-26,CARD,1464386046.36,200,BNK938433
2025-10-26,CASH,1257607032.27,188,BNK701541
2025-10-26,COD,1576410531.36,206,BNK319619
2025-10-26,CREDIT,1432652214.36,196,BNK308040
2025-10-26,EWALLET,1325644070.17,193,BNK763552
2025-10-26,QRIS,1520316060.79,206,BNK919712
2025-10-27,CARD,845456318.93,124,BNK153031
2025-10-27,CASH,799775669.5600001,117,BNK816774
2025-10-27,COD,721295893.72,105,BNK997286
2025-10-27,CREDIT,970177688.63,131,BNK171131
2025-10-27,EWALLET,887763800.52,112,BNK380099
2025-10-27,QRIS,758411307.87,108,BNK947495
2025-10-28,CARD,865117472.1,112,BNK103380
2025-10-28,CASH,585677115.66,81,BNK181296
2025-10-28,COD,876423643.07,112,BNK458174
2025-10-28,CREDIT,773731561.29,109,BNK645275
2025-10-28,EWALLET,731312086.38,99,BNK538869
2025-10-28,QRIS,784565785.65,104,BNK539537
2025-10-29,CARD,630962474.3,101,BNK207582
2025-10-29,CASH,757257184.12,99,BNK831487
2025-10-29,COD,633964062.99,90,BNK685332
2025-10-29,CREDIT,782352112.96,119,BNK451384
2025-10-29,EWALLET,660549147.48,93,BNK267485
2025-10-29,QRIS,715240032.37,100,BNK215837
2025-10-30,CARD,671035903.43,99,BNK568850
2025-10-30,CASH,682134040.92,91,BNK640044
2025-10-30,COD,488610300.78,73,BNK422210
2025-10-30,CREDIT,650854427.68,89,BNK354174
2025-10-30,EWALLET,562950390.06,85,BNK736249
2025-10-30,QRIS,727935280.33,98,BNK543785
2025-10-31,CARD,959090011.54,116,BNK593292
2025-10-31,CASH,1067277805.89,134,BNK731415
2025-10-31,COD,937410749.43,133,BNK845274
2025-10-31,CREDIT,1004903948.45,144,BNK416636
2025-10-31,EWALLET,1053200305.81,146,BNK104409
2025-10-31,QRIS,798888991.54,114,BNK265904
2025-11-01,CARD,1267788746.33,170,BNK563513
2025-11-01,CASH,1243990919.64,183,BNK940623
2025-11-01,COD,1119230253.61,161,BNK666815
2025-11-01,CREDIT,1054921013.81,152,BNK506096
2025-11-01,EWALLET,1249779537.56,169,BNK639674
2025-11-01,QRIS,1053820724.18,153,BNK523613
2025-11-02,CARD,1282393047.24,184,BNK783119
2025-11-02,CASH,1229564110.17,182,BNK364983
2025-11-02,COD,1276034055.55,173,BNK676366
2025-11-02,CREDIT,937317035.15,147,BNK625735
2025-11-02,EWALLET,1263364856.46,180,BNK848317
2025-11-02,QRIS,1093185558.54,148,BNK969635
2025-11-03,CARD,720161103.68,102,BNK923767
2025-11-03,CASH,594516882.44,82,BNK494864
2025-11-03,COD,685211964.85,93,BNK462973
2025-11-03,CREDIT,931235954.26,119,BNK231537
2025-11-03,EWALLET,650630439.66,95,BNK947344
2025-11-03,QRIS,717020370.36,100,BNK435437
2025-11-04,CARD,890720530.4499999,120,BNK895740
2025-11-04,CASH,899828898.27,121,BNK970884
2025-11-04,COD,782992534.11,113,BNK755840
2025-11-04,CREDIT,728901173.57,106,BNK654028
2025-11-04,EWALLET,674693923.92,96,BNK227394
2025-11-04,QRIS,793070691.04,114,BNK303491
2025-11-05,CARD,773555663.45,118,BNK911685
2025-11-05,CASH,722419274.66,102,BNK200018
2025-11-05,COD,908126993.32,128,BNK500783
2025-11-05,CREDIT,991456507.33,138,BNK510669
2025-11-05,EWALLET,875995222.6,114,BNK702747
2025-11-05,QRIS,913675410.58,132,BNK773322
2025-11-06,CARD,975211710.53,129,BNK600398
2025-11-06,CASH,916964643.02,123,BNK377591
2025-11-06,COD,783813212.07,101,BNK905596
2025-11-06,CREDIT,798849189.57,106,BNK579437
2025-11-06,EWALLET,753080907.98,107,BNK437481
2025-11-06,QRIS,734894076.61,101,BNK308057
2025-11-07,CARD,608161122.17,79,BNK651386
2025-11-07,CASH,759721641.3100001,99,BNK139383
2025-11-07,COD,532885808.47,85,BNK289839
2025-11-07,CREDIT,575311789.42,85,BNK329710
2025-11-07,EWALLET,512663368.38,78,BNK172242
2025-11-07,QRIS,644840864.29,94,BNK895185
2025-11-08,CARD,1476346593.72,212,BNK613062
2025-11-08,CASH,1398948550.54,190,BNK226704
2025-11-08,COD,1247907292.59,183,BNK329605
2025-11-08,CREDIT,1280701095.2,200,BNK570363
2025-11-08,EWALLET,1233114151.6100001,177,BNK192887
2025-11-08,QRIS,1372814475.18,177,BNK239869
2025-11-09,CARD,997782145.95,139,BNK124823
2025-11-09,CASH,1344430343.07,184,BNK836806
2025-11-09,COD,885595149.76,134,BNK629305
2025-11-09,CREDIT,1150839854.7,155,BNK312211
2025-11-09,EWALLET,1145600496.94,165,BNK155345
2025-11-09,QRIS,1206061350.38,157,BNK168384
2025-11-10,CARD,887525689.1,126,BNK331341
2025-11-10,CASH,946099080.56,121,BNK503090
2025-11-10,COD,846531393.19,121,BNK747869
2025-11-10,CREDIT,1082339076.29,152,BNK893224
2025-11-10,EWALLET,704750614.91,93,BNK658275
2025-11-10,QRIS,808019406.0600001,122,BNK862374
2025-11-11,CARD,911897047.11,123,BNK667722
2025-11-11,CASH,847771725.78,112,BNK985679
2025-11-11,COD,848111748.98,125,BNK824293
2025-11-11,CREDIT,696576244.27,97,BNK188488
2025-11-11,EWALLET,926677152.65,120,BNK212487
2025-11-11,QRIS,764371399.61,105,BNK774788
2025-11-12,CARD,887623348.38,120,BNK394735
2025-11-12,CASH,549957112.38,82,BNK506909
2025-11-12,COD,467968183.49,69,BNK281195
2025-11-12,CREDIT,697074701.9,88,BNK954084
2025-11-12,EWALLET,689604864.59,92,BNK910646
2025-11-12,QRIS,602086848.84,82,BNK383863
2025-11-13,CARD,1088091791.61,148,BNK401600
2025-11-13,CASH,934904013.0600001,128,BNK637662
2025-11-13,COD,823504545.44,116,BNK706088
2025-11-13,CREDIT,1033401736.41,129,BNK931692
2025-11-13,EWALLET,877755690.13,116,BNK395166
2025-11-13,QRIS,968328164.63,124,BNK828070
2025-11-14,CARD,726809478.91,104,BNK419922
2025-11-14,CASH,577600774.63,90,BNK659246
2025-11-14,COD,993602160.35,142,BNK206832
2025-11-14,CREDIT,927187741.51,123,BNK123003
2025-11-14,EWALLET,991833795.5,135,BNK781023
2025-11-14,QRIS,763981075.92,113,BNK552076
2025-11-15,CARD,1051683366.27,142,BNK983665
2025-11-15,CASH,1151755446.5,160,BNK415442
2025-11-15,COD,1310376696.39,193,BNK846878
2025-11-15,CREDIT,1481652454.2,200,BNK515046
2025-11-15,EWALLET,1425692575.21,199,BNK100073
2025-11-15,QRIS,1221614713.16,170,BNK715436
2025-11-16,CARD,1181963067.24,177,BNK809018
2025-11-16,CASH,1260555911.34,180,BNK728426
2025-11-16,COD,1268858621.52,182,BNK929055
2025-11-16,CREDIT,1472307686.37,207,BNK370480
2025-11-16,EWALLET,1432350912.36,203,BNK937225
2025-11-16,QRIS,1575354533.01,196,BNK614676
2025-11-17,CARD,820082360.64,124,BNK233258
2025-11-17,CASH,892617788.03,122,BNK297245
2025-11-17,COD,975112022.97,151,BNK179933
2025-11-17,CREDIT,879069013.97,123,BNK279703
2025-11-17,EWALLET,983495366.6899999,135,BNK358590
2025-11-17,QRIS,973654096.5,141,BNK829779
2025-11-18,CARD,597629781.0600001,89,BNK778018
2025-11-18,CASH,724865987.01,102,BNK999202
2025-11-18,COD,803500659.38,116,BNK529262
2025-11-18,CREDIT,781073371.25,110,BNK301165
2025-11-18,EWALLET,847438342.34,117,BNK724917
2025-11-18,QRIS,890496121.6,122,BNK551991
2025-11-19,CARD,818424478.54,115,BNK545691
2025-11-19,CASH,877348508.24,123,BNK132942
2025-11-19,COD,850340470.9,132,BNK753001
2025-11-19,CREDIT,839152107.98,125,BNK781215
2025-11-19,EWALLET,753254998.58,108,BNK522401
2025-11-19,QRIS,976549950.44,129,BNK289822
2025-11-20,CARD,885544652.88,135,BNK987109
2025-11-20,CASH,959421034.04,131,BNK671203
2025-11-20,COD,813587385.09,123,BNK644678
2025-11-20,CREDIT,1167165289.82,160,BNK214406
2025-11-20,EWALLET,816730039.9,119,BNK697496
2025-11-20,QRIS,905284601.67,121,BNK154371
2025-11-21,CARD,778094757.46,114,BNK668975
2025-11-21,CASH,828456498.64,111,BNK180281
2025-11-21,COD,805929427.58,121,BNK296059
2025-11-21,CREDIT,771039312.8,107,BNK833414
2025-11-21,EWALLET,775945056.05,107,BNK664722
2025-11-21,QRIS,644355726.46,92,BNK757169
2025-11-22,CARD,1275994579.73,172,BNK932276
2025-11-22,CASH,1319455109.32,204,BNK890787
2025-11-22,COD,1314430867.0,187,BNK398991
2025-11-22,CREDIT,1185173765.57,172,BNK537165
2025-11-22,EWALLET,1251756234.84,172,BNK794033
2025-11-22,QRIS,1318946040.0,183,BNK438993
2025-11-23,CARD,1060893074.19,145,BNK610856
2025-11-23,CASH,930696611.14,129,BNK682145
2025-11-23,COD,945831228.21,128,BNK243259
2025-11-23,CREDIT,907204751.45,132,BNK794774
2025-11-23,EWALLET,989883743.06,144,BNK359108
2025-11-23,QRIS,916761787.95,130,BNK393851
2025-11-24,CARD,809089922.21,110,BNK674195
2025-11-24,CASH,711534717.62,111,BNK983389
2025-11-24,COD,871190300.93,109,BNK319919
2025-11-24,CREDIT,839566109.75,121,BNK765194
2025-11-24,EWALLET,676001372.51,97,BNK610261
2025-11-24,QRIS,928535738.75,127,BNK722648
2025-11-25,CARD,730022611.75,94,BNK765014
2025-11-25,CASH,672225065.92,96,BNK374253
2025-11-25,COD,609034110.69,91,BNK187400
2025-11-25,CREDIT,634030601.27,82,BNK900899
2025-11-25,EWALLET,570589968.67,83,BNK370696
2025-11-25,QRIS,684407816.74,88,BNK725169
2025-11-26,CARD,851156271.54,109,BNK630969
2025-11-26,CASH,864051746.26,122,BNK963056
2025-11-26,COD,777918278.08,97,BNK244679
2025-11-26,CREDIT,802223388.13,121,BNK746474
2025-11-26,EWALLET,679696172.39,108,BNK721459
2025-11-26,QRIS,866829403.57,119,BNK875326
2025-11-27,CARD,552543379.07,81,BNK723704
2025-11-27,CASH,568899403.02,85,BNK665613
2025-11-27,COD,596749010.37,89,BNK525026
2025-11-27,CREDIT,658202859.17,100,BNK630264
2025-11-27,EWALLET,691548321.11,96,BNK720730
2025-11-27,QRIS,704634895.72,98,BNK768373
2025-11-28,CARD,774116903.98,102,BNK520505
2025-11-28,CASH,699903857.93,106,BNK590040
2025-11-28,COD,901763164.14,123,BNK936323
2025-11-28,CREDIT,704495621.96,101,BNK606975
2025-11-28,EWALLET,697086677.75,102,BNK502112
2025-11-28,QRIS,571233779.37,100,BNK266654
2025-11-29,CARD,970214278.18,134,BNK384567
2025-11-29,CASH,1168778984.0,161,BNK471433
2025-11-29,COD,1006882026.62,143,BNK571342
2025-11-29,CREDIT,985158494.95,142,BNK562146
2025-11-29,EWALLET,1123366430.69,151,BNK739049
2025-11-29,QRIS,928603655.86,137,BNK305284
2025-11-30,CARD,1336508077.1299999,191,BNK812440
2025-11-30,CASH,1424573219.94,208,BNK736432
2025-11-30,COD,1273144931.71,181,BNK342435
2025-11-30,CREDIT,1228580746.97,164,BNK391742
2025-11-30,EWALLET,1146732875.64,178,BNK279919
2025-11-30,QRIS,1253686518.71,170,BNK736270
2025-12-01,CARD,1033051092.81,139,BNK158151
2025-12-01,CASH,941581507.0600001,134,BNK901776
2025-12-01,COD,811720418.38,117,BNK521886
2025-12-01,CREDIT,836712972.65,121,BNK187280
2025-12-01,EWALLET,992959266.84,140,BNK489537
2025-12-01,QRIS,749024165.68,113,BNK558922
2025-12-02,CARD,618469196.24,90,BNK398748
2025-12-02,CASH,619407326.3,87,BNK972524
2025-12-02,COD,642832992.52,90,BNK465338
2025-12-02,CREDIT,644968239.52,91,BNK759091
2025-12-02,EWALLET,770094630.54,99,BNK177950
2025-12-02,QRIS,539229657.14,74,BNK561443
2025-12-03,CARD,922121078.46,128,BNK939464
2025-12-03,CASH,952258612.96,133,BNK399078
2025-12-03,COD,966522680.2,128,BNK477320
2025-12-03,CREDIT,695588699.18,95,BNK157552
2025-12-03,EWALLET,773979579.57,114,BNK630482
2025-12-03,QRIS,905204447.0,132,BNK481414
2025-12-04,CARD,705609347.58,90,BNK566352
2025-12-04,CASH,689545433.07,93,BNK621560
2025-12-04,COD,534666185.2,70,BNK202571
2025-12-04,CREDIT,578869899.43,85,BNK151719
2025-12-04,EWALLET,625779844.84,92,BNK570194
2025-12-04,QRIS,576740557.3199999,77,BNK887771
2025-12-05,CARD,788394868.32,105,BNK545457
2025-12-05,CASH,710507188.59,96,BNK170461
2025-12-05,COD,818352581.14,109,BNK306195
2025-12-05,CREDIT,691594513.32,109,BNK715997
2025-12-05,EWALLET,816753424.67,114,BNK520646
2025-12-05,QRIS,748799925.08,119,BNK970075
2025-12-06,CARD,1222066050.13,162,BNK436459
2025-12-06,CASH,1234842856.29,171,BNK904037
2025-12-06,COD,1317245880.9,185,BNK401837
2025-12-06,CREDIT,1238385765.46,170,BNK761247
2025-12-06,EWALLET,1147259089.12,161,BNK361069
2025-12-06,QRIS,1136903228.61,160,BNK159051
2025-12-07,CARD,1286544886.96,180,BNK600361
2025-12-07,CASH,976620188.82,145,BNK707760
2025-12-07,COD,1480980813.58,199,BNK475798
2025-12-07,CREDIT,1302799203.09,170,BNK804849
2025-12-07,EWALLET,1239332218.21,175,BNK105267
2025-12-07,QRIS,1232110196.44,186,BNK133842
2025-12-08,CARD,797967017.16,121,BNK444259
2025-12-08,CASH,837279995.48,118,BNK206965
2025-12-08,COD,783701538.56,111,BNK933989
2025-12-08,CREDIT,933089001.18,132,BNK832648
2025-12-08,EWALLET,876739868.53,120,BNK254394
2025-12-08,QRIS,1090972235.77,144,BNK118180
2025-12-09,CARD,980274764.17,134,BNK810098
2025-12-09,CASH,874708371.02,129,BNK564677
2025-12-09,COD,906982975.65,119,BNK459324
2025-12-09,CREDIT,1032424513.91,142,BNK973497
2025-12-09,EWALLET,838407823.41,122,BNK402620
2025-12-09,QRIS,822768250.13,109,BNK577661
2025-12-10,CARD,692847351.77,99,BNK443896
2025-12-10,CASH,676131272.24,98,BNK902832
2025-12-10,COD,911343596.52,127,BNK458757
2025-12-10,CREDIT,854093978.71,112,BNK342062
2025-12-10,EWALLET,708938880.88,96,BNK284931
2025-12-10,QRIS,832246812.22,107,BNK812717
2025-12-11,CARD,862385271.97,122,BNK426648
2025-12-11,CASH,863302815.84,108,BNK601786
2025-12-11,COD,706093193.08,103,BNK852847
2025-12-11,CREDIT,900856792.02,118,BNK154281
2025-12-11,EWALLET,671776248.45,87,BNK156673
2025-12-11,QRIS,643943614.6,91,BNK476105
2025-12-12,CARD,851721880.03,122,BNK731133
2025-12-12,CASH,942441783.97,122,BNK680588
2025-12-12,COD,1174448812.04,154,BNK391323
2025-12-12,CREDIT,980348627.83,131,BNK570000
2025-12-12,EWALLET,873710949.5,122,BNK576492
2025-12-12,QRIS,853877554.93,131,BNK472410
2025-12-13,CARD,1495586057.28,196,BNK723480
2025-12-13,CASH,1596899397.61,223,BNK538311
2025-12-13,COD,1445700436.88,196,BNK469690
2025-12-13,CREDIT,1541374178.83,207,BNK400867
2025-12-13,EWALLET,1320629501.79,181,BNK171875
2025-12-13,QRIS,1398500327.8,196,BNK579434
2025-12-14,CARD,924956056.51,136,BNK460191
2025-12-14,CASH,1121626116.09,137,BNK479200
2025-12-14,COD,840464097.88,125,BNK462909
2025-12-14,CREDIT,939336756.27,131,BNK943717
2025-12-14,EWALLET,1095869799.52,153,BNK376763
2025-12-14,QRIS,1036045344.65,146,BNK907253
2025-12-15,CARD,865900055.33,131,BNK461454
2025-12-15,CASH,556766563.54,93,BNK143554
2025-12-15,COD,777612538.07,118,BNK917528
2025-12-15,CREDIT,832304126.46,115,BNK850005
2025-12-15,EWALLET,849800673.93,121,BNK205876
2025-12-15,QRIS,609839158.07,92,BNK858278
2025-12-16,CARD,871254125.87,120,BNK289385
2025-12-16,CASH,763363880.53,120,BNK145254
2025-12-16,COD,980234283.0,128,BNK608323
2025-12-16,CREDIT,885732903.51,118,BNK672668
2025-12-16,EWALLET,898237626.32,123,BNK293342
2025-12-16,QRIS,910831826.47,126,BNK653079
2025-12-17,CARD,823461395.65,112,BNK914243
2025-12-17,CASH,878424128.55,122,BNK567732
2025-12-17,COD,845598995.59,128,BNK573312
2025-12-17,CREDIT,950262309.46,119,BNK808300
2025-12-17,EWALLET,905151424.01,122,BNK234083
2025-12-17,QRIS,799429573.32,113,BNK494238
2025-12-18,CARD,894160778.81,130,BNK238200
2025-12-18,CASH,870271169.26,127,BNK584479
2025-12-18,COD,920117836.67,131,BNK432250
2025-12-18,CREDIT,692430239.86,107,BNK453473
2025-12-18,EWALLET,842694353.61,122,BNK106164
2025-12-18,QRIS,924849644.15,130,BNK977221
2025-12-19,CARD,648386519.3000001,103,BNK221727
2025-12-19,CASH,668728669.41,101,BNK484331
2025-12-19,COD,692992454.13,96,BNK526617
2025-12-19,CREDIT,848735786.27,119,BNK602428
2025-12-19,EWALLET,704545519.68,92,BNK507028
2025-12-19,QRIS,877761706.66,119,BNK374728
2025-12-20,CARD,1183926479.25,159,BNK709806
2025-12-20,CASH,1179220538.37,160,BNK517747
2025-12-20,COD,1241201655.25,169,BNK355505
2025-12-20,CREDIT,1077971503.01,157,BNK856463
2025-12-20,EWALLET,913508661.51,135,BNK172526
2025-12-20,QRIS,1171931515.39,165,BNK868970
2025-12-21,CARD,1335331926.47,180,BNK639931
2025-12-21,CASH,1230424746.07,173,BNK892570
2025-12-21,COD,1430613941.71,189,BNK707198
2025-12-21,CREDIT,1516324620.27,206,BNK232730
2025-12-21,EWALLET,1344231393.44,189,BNK739262
2025-12-21,QRIS,1353290579.84,190,BNK459129
2025-12-22,CARD,932000847.95,133,BNK344475
2025-12-22,CASH,716803678.17,108,BNK636041
2025-12-22,COD,834350144.19,120,BNK606152
2025-12-22,CREDIT,873200318.42,112,BNK196662
2025-12-22,EWALLET,791147490.38,107,BNK846919
2025-12-22,QRIS,1005115253.71,137,BNK523522
2025-12-23,CARD,743901553.37,100,BNK368094
2025-12-23,CASH,779700407.74,106,BNK551887
2025-12-23,COD,696715708.22,96,BNK945380
2025-12-23,CREDIT,679780553.57,88,BNK172522
2025-12-23,EWALLET,716534401.55,98,BNK751945
2025-12-23,QRIS,781790498.95,107,BNK843287
2025-12-24,CARD,702228641.47,102,BNK844274
2025-12-24,CASH,815634092.37,114,BNK934011
2025-12-24,COD,775951402.92,109,BNK555391
2025-12-24,CREDIT,822292864.21,107,BNK730941
2025-12-24,EWALLET,798596225.53,120,BNK640319
2025-12-24,QRIS,868415733.34,126,BNK804339
2025-12-25,CARD,1004081106.71,136,BNK672218
2025-12-25,CASH,876298302.8,128,BNK407906
2025-12-25,COD,887333266.3100001,124,BNK751352
2025-12-25,CREDIT,906572247.96,118,BNK586057
2025-12-25,EWALLET,753110505.6899999,107,BNK591519
2025-12-25,QRIS,776219553.2,118,BNK730293
2025-12-26,CARD,730104768.36,99,BNK918306
2025-12-26,CASH,824090854.29,106,BNK624766
2025-12-26,COD,624033225.38,91,BNK947824
2025-12-26,CREDIT,597223123.43,89,BNK677174
2025-12-26,EWALLET,667086170.93,96,BNK935707
2025-12-26,QRIS,804359471.87,113,BNK693654
2025-12-27,CARD,1439863224.55,197,BNK596452
2025-12-27,CASH,1369693250.4,179,BNK945266
2025-12-27,COD,1515671159.58,214,BNK274348
2025-12-27,CREDIT,1386072429.87,195,BNK150204
2025-12-27,EWALLET,1368678081.68,197,BNK863576
2025-12-27,QRIS,1402813959.58,193,BNK398863
2025-12-28,CARD,1378393100.4,188,BNK158333
2025-12-28,CASH,1224915937.12,166,BNK212925
2025-12-28,COD,1183843989.75,172,BNK607618
2025-12-28,CREDIT,1234170597.67,171,BNK585610
2025-12-28,EWALLET,1242089881.54,172,BNK315011
2025-12-28,QRIS,1163637592.39,155,BNK244604
2025-12-29,CARD,662836364.92,93,BNK807633
2025-12-29,CASH,631346872.16,91,BNK568943
2025-12-29,COD,772520833.85,100,BNK200906
2025-12-29,CREDIT,588326662.75,81,BNK818080
2025-12-29,EWALLET,601989124.04,80,BNK922853
2025-12-29,QRIS,604183245.55,90,BNK874313
2025-12-30,CARD,777082177.45,104,BNK591847
2025-12-30,CASH,739898060.91,116,BNK857500
2025-12-30,COD,800715257.9,107,BNK473271
2025-12-30,CREDIT,787067352.08,106,BNK328482
2025-12-30,EWALLET,662475995.53,92,BNK518201
2025-12-30,QRIS,723333504.8,100,BNK931225
2025-12-31,CARD,998340290.59,145,BNK253841
2025-12-31,CASH,962673068.03,143,BNK175711
2025-12-31,COD,820149703.47,124,BNK118915
2025-12-31,CREDIT,933688519.0,131,BNK772424
2025-12-31,EWALLET,829488810.13,113,BNK129313
2025-12-31,QRIS,1048381745.76,143,BNK711728
2026-01-01,CARD,810498303.01,104,BNK379883
2026-01-01,CASH,872221468.8,127,BNK853946
2026-01-01,COD,743955317.03,103,BNK814909
2026-01-01,CREDIT,788991195.9,122,BNK515254
2026-01-01,EWALLET,823189737.04,134,BNK269395
2026-01-01,QRIS,748769830.0,110,BNK211122
2026-01-02,CARD,629696811.96,93,BNK535424
2026-01-02,CASH,629429692.11,100,BNK701181
2026-01-02,COD,937497830.66,117,BNK753239
2026-01-02,CREDIT,729514202.35,102,BNK765587
2026-01-02,EWALLET,842177520.7,126,BNK292879
2026-01-02,QRIS,886258668.64,120,BNK805372
2026-01-03,CARD,952363949.15,132,BNK547289
2026-01-03,CASH,989476989.79,133,BNK954297
2026-01-03,COD,1027353543.82,136,BNK963650
2026-01-03,CREDIT,954768113.53,140,BNK649104
2026-01-03,EWALLET,1058606726.67,150,BNK685862
2026-01-03,QRIS,870544997.59,122,BNK945307
2026-01-04,CARD,894340817.18,130,BNK925054
2026-01-04,CASH,1133432108.3,152,BNK102258
2026-01-04,COD,1374703586.69,180,BNK110943
2026-01-04,CREDIT,1021819739.01,144,BNK691248
2026-01-04,EWALLET,1154310658.06,152,BNK257331
2026-01-04,QRIS,1279282877.16,185,BNK665088
2026-01-05,CARD,816610270.6,108,BNK807300
2026-01-05,CASH,869117429.4,112,BNK240435
2026-01-05,COD,775220641.47,100,BNK100300
2026-01-05,CREDIT,696449559.98,97,BNK266709
2026-01-05,EWALLET,756923413.6,106,BNK238574
2026-01-05,QRIS,659376102.2,99,BNK273397
2026-01-06,CARD,713116673.24,98,BNK179716
2026-01-06,CASH,556493816.69,87,BNK434936
2026-01-06,COD,711148497.27,98,BNK478522
2026-01-06,CREDIT,617390722.92,89,BNK259878
2026-01-06,EWALLET,546134909.95,79,BNK266181
2026-01-06,QRIS,566784280.67,82,BNK227323
2026-01-07,CARD,606869562.4,90,BNK831472
2026-01-07,CASH,687470717.22,95,BNK992341
2026-01-07,COD,793813543.68,123,BNK519327
2026-01-07,CREDIT,1023935442.66,131,BNK225961
2026-01-07,EWALLET,754899836.22,108,BNK860588
2026-01-07,QRIS,819731893.37,117,BNK156325
2026-01-08,CARD,1027502914.55,145,BNK913894
2026-01-08,CASH,783456286.73,120,BNK877420
2026-01-08,COD,891956012.65,123,BNK183316
2026-01-08,CREDIT,983829208.22,127,BNK545781
2026-01-08,EWALLET,858052559.86,119,BNK949512
2026-01-08,QRIS,880771718.05,125,BNK999618
2026-01-09,CARD,789405680.38,110,BNK570377
2026-01-09,CASH,720492112.5,95,BNK162036
2026-01-09,COD,722066512.32,99,BNK615829
2026-01-09,CREDIT,824944857.66,120,BNK679570
2026-01-09,EWALLET,876726139.65,123,BNK321598
2026-01-09,QRIS,878116180.09,131,BNK976346
2026-01-10,CARD,1528066735.01,200,BNK429618
2026-01-10,CASH,1531923739.9,217,BNK326191
2026-01-10,COD,1281857852.97,183,BNK374494
2026-01-10,CREDIT,1548968919.39,204,BNK431873
2026-01-10,EWALLET,1323812921.49,179,BNK471670
2026-01-10,QRIS,1287556896.85,181,BNK890738
2026-01-11,CARD,965940426.6,133,BNK610252
2026-01-11,CASH,1021779976.46,142,BNK638677
2026-01-11,COD,791075664.47,116,BNK981103
2026-01-11,CREDIT,1149385221.17,150,BNK364777
2026-01-11,EWALLET,881861514.3,124,BNK152120
2026-01-11,QRIS,1030859170.14,140,BNK199943
2026-01-12,CARD,718640830.7,103,BNK123592
2026-01-12,CASH,917518795.79,130,BNK580494
2026-01-12,COD,831304422.13,124,BNK363689
2026-01-12,CREDIT,704129122.71,114,BNK383700
2026-01-12,EWALLET,843497875.28,117,BNK824832
2026-01-12,QRIS,890061475.7,122,BNK873999
2026-01-13,CARD,836549642.29,117,BNK183746
2026-01-13,CASH,694225956.12,100,BNK154127
2026-01-13,COD,696676880.46,94,BNK985156
2026-01-13,CREDIT,769777685.29,97,BNK504427
2026-01-13,EWALLET,915747045.54,121,BNK761719
2026-01-13,QRIS,787621703.97,110,BNK849635
2026-01-14,CARD,761069634.0,96,BNK603266
2026-01-14,CASH,589256926.56,88,BNK616636
2026-01-14,COD,606803909.19,82,BNK679972
2026-01-14,CREDIT,790389391.64,104,BNK247616
2026-01-14,EWALLET,641186558.93,90,BNK388130
2026-01-14,QRIS,637981346.9399999,89,BNK542156
2026-01-15,CARD,692280196.48,87,BNK741751
2026-01-15,CASH,677206994.13,98,BNK852684
2026-01-15,COD,590735887.07,82,BNK848195
2026-01-15,CREDIT,606740998.13,92,BNK733223
2026-01-15,EWALLET,655080124.8,89,BNK993866
2026-01-15,QRIS,671638496.16,94,BNK160963
2026-01-16,CARD,671416873.01,106,BNK598122
2026-01-16,CASH,852138911.71,120,BNK792425
2026-01-16,COD,709311656.87,109,BNK860511
2026-01-16,CREDIT,973298491.25,129,BNK259533
2026-01-16,EWALLET,747413084.35,108,BNK815185
2026-01-16,QRIS,735503829.0,100,BNK164145
2026-01-17,CARD,1128367661.9,176,BNK553419
2026-01-17,CASH,1377574351.96,189,BNK712274
2026-01-17,COD,1307290166.89,179,BNK238810
2026-01-17,CREDIT,1460847234.37,190,BNK194722
2026-01-17,EWALLET,1354075682.15,192,BNK470440
2026-01-17,QRIS,1303855358.04,175,BNK543090
2026-01-18,CARD,1105913437.67,169,BNK879139
2026-01-18,CASH,1179124446.68,168,BNK350915
2026-01-18,COD,1167880860.05,159,BNK236160
2026-01-18,CREDIT,1486877984.14,204,BNK651355
2026-01-18,EWALLET,1093094832.41,164,BNK144701
2026-01-18,QRIS,1233926886.59,171,BNK906659
2026-01-19,CARD,661474300.82,87,BNK230064
2026-01-19,CASH,665372469.16,95,BNK215025
2026-01-19,COD,525076944.59,72,BNK774402
2026-01-19,CREDIT,638587344.04,98,BNK738267
2026-01-19,EWALLET,867060455.33,112,BNK367239
2026-01-19,QRIS,628214190.21,86,BNK737199
2026-01-20,CARD,778834994.24,117,BNK913675
2026-01-20,CASH,728733254.79,100,BNK873545
2026-01-20,COD,760047838.22,105,BNK835354
2026-01-20,CREDIT,822262426.36,97,BNK240310
2026-01-20,EWALLET,850105689.29,124,BNK347571
2026-01-20,QRIS,778281559.03,103,BNK279454
2026-01-21,CARD,909874286.73,127,BNK359375
2026-01-21,CASH,590559968.75,89,BNK166854
2026-01-21,COD,779261427.75,108,BNK963361
2026-01-21,CREDIT,845783823.83,116,BNK350282
2026-01-21,EWALLET,776280955.95,114,BNK520927
2026-01-21,QRIS,770744784.86,110,BNK329941
2026-01-22,CARD,832423291.17,127,BNK472187
2026-01-22,CASH,1015018655.87,138,BNK855852
2026-01-22,COD,824167550.7,119,BNK295595
2026-01-22,CREDIT,952826412.35,121,BNK646911
2026-01-22,EWALLET,957078527.72,132,BNK433913
2026-01-22,QRIS,858320041.08,108,BNK219842
2026-01-23,CARD,675124475.58,96,BNK860429
2026-01-23,CASH,709499948.61,96,BNK378082
2026-01-23,COD,770891660.53,96,BNK326829
2026-01-23,CREDIT,759832252.58,100,BNK635553
2026-01-23,EWALLET,617566152.88,85,BNK800562
2026-01-23,QRIS,563020060.6,78,BNK799821
2026-01-24,CARD,1146264570.81,167,BNK898559
2026-01-24,CASH,1042049890.26,149,BNK400113
2026-01-24,COD,1216608842.12,161,BNK794685
2026-01-24,CREDIT,1007299650.83,149,BNK823567
2026-01-24,EWALLET,1248849621.11,179,BNK792860
2026-01-24,QRIS,1126429355.86,161,BNK844137
2026-01-25,CARD,1357929156.81,208,BNK300261
2026-01-25,CASH,1223198368.36,180,BNK768552
2026-01-25,COD,1310550547.97,192,BNK918388
2026-01-25,CREDIT,1328279129.8,176,BNK858178
2026-01-25,EWALLET,1326688031.4,194,BNK257945
2026-01-25,QRIS,1483510569.85,197,BNK351779
2026-01-26,CARD,1013815176.59,140,BNK976531
2026-01-26,CASH,750053788.4,109,BNK143793
2026-01-26,COD,827142444.52,114,BNK434264
2026-01-26,CREDIT,793791523.74,106,BNK196067
2026-01-26,EWALLET,993960628.12,129,BNK887685
2026-01-26,QRIS,736972232.92,111,BNK537071
2026-01-27,CARD,835186341.24,115,BNK269157
2026-01-27,CASH,922653002.88,116,BNK502815
2026-01-27,COD,915305151.97,124,BNK319153
2026-01-27,CREDIT,753633791.23,108,BNK485697
2026-01-27,EWALLET,783869485.47,115,BNK669328
2026-01-27,QRIS,674708653.41,94,BNK622052
2026-01-28,CARD,804967032.13,100,BNK452580
2026-01-28,CASH,830359247.39,106,BNK662055
2026-01-28,COD,680679014.28,102,BNK810499
2026-01-28,CREDIT,651887139.91,94,BNK934529
2026-01-28,EWALLET,711286951.37,91,BNK332315
2026-01-28,QRIS,856911297.16,108,BNK727377
2026-01-29,CARD,746513417.2,101,BNK609138
2026-01-29,CASH,616497640.05,88,BNK411138
2026-01-29,COD,764029738.55,107,BNK898073
2026-01-29,CREDIT,689785154.26,88,BNK854386
2026-01-29,EWALLET,579817454.32,84,BNK112336
2026-01-29,QRIS,721378790.95,94,BNK521984
2026-01-30,CARD,864854900.12,125,BNK940164
2026-01-30,CASH,731763802.22,99,BNK731216
2026-01-30,COD,849040184.12,126,BNK831452
2026-01-30,CREDIT,934799320.68,124,BNK632589
2026-01-30,EWALLET,756731526.18,101,BNK667731
2026-01-30,QRIS,724840350.81,104,BNK442753
